alpha,beta,gamma,mAP@10,averNDCG@20
1.0,1.0,0.5,0.6083743754353661,0.6372148335260498
